PassengerId,Survived,Pclass,Name,Sex,Age,SibSp,Parch,Ticket,Fare,Cabin,Embarked
1,0,1,"Ashford, Mrs. Clara",female,16,0,1,T2013,45.37,D33,S
2,0,3,"Ashford, Miss. Alice",female,11,1,0,T9974,14.52,,Q
3,0,3,"Ashford, Mr. James",male,23,0,1,T5919,25.14,,S
4,1,3,"Ellison, Miss. Florence",female,9,1,1,T6737,77.23,,S
5,0,1,"Bennett, Miss. Julia",female,49,1,0,T3753,92.61,F G73,C
6,0,2,"Ashford, Mr. Henry",male,61,1,1,T5561,36.32,,C
7,0,2,"Gresham, Miss. Florence",female,,0,0,T3987,19.86,,S
8,1,3,"Gresham, Mrs. Edith",female,40,1,0,T7457,40.33,,Q
9,1,3,"Kingsley, Mr. Henry",male,,0,0,T6571,11.92,,S
10,0,3,"Ashford, Mr. Benjamin",male,,0,0,T7164,14.41,,C
11,1,3,"Ellison, Mr. Kenneth",male,35,2,0,T8841,13.27,,S
12,1,2,"Ashford, Mr. Isaac",male,37,0,0,T4650,57.82,,C
13,1,2,"Merrick, Mrs. Katherine",female,57,1,0,T6640,79.24,,C
14,0,3,"Fairbanks, Miss. Margaret",female,,1,0,T8907,14.46,,C
15,1,3,"Kingsley, Mr. Henry",male,55,0,1,T7485,71.9,,C
16,1,2,"Bennett, Miss. Grace",female,,2,0,T8771,16.27,,S
17,0,1,"Carlisle, Miss. Clara",female,,1,0,T4457,243.6,A6,
18,1,3,"Dunmore, Mr. Edward",male,39,2,0,T9713,72.53,,Q
19,1,1,"Ingram, Mr. Isaac",male,11,0,1,T1930,189.54,B28,Q
20,1,1,"Ellison, Mr. Daniel",male,32,1,1,T9737,244.14,E46,Q
21,1,3,"Lowell, Miss. Irene",female,19,1,0,T4942,37.41,,C
22,1,1,"Ellison, Mrs. Beatrice",female,11,0,1,T4665,78.31,,C
23,1,3,"Gresham, Mr. Louis",male,26,1,1,T5840,39.15,,S
24,1,2,"Merrick, Mr. Benjamin",male,19,1,0,T9791,66.84,,Q
25,1,1,"Ellison, Mrs. Lillian",female,20,0,0,T1189,48.42,,S
26,0,3,"Ellison, Mrs. Irene",female,,0,0,T1825,45.46,,S
27,0,3,"Ellison, Mr. Daniel",male,47,2,0,T5025,9.7,,S
28,0,3,"Kingsley, Miss. Beatrice",female,62,1,0,T1891,32.02,,Q
29,0,3,"Bennett, Mr. Arthur",male,68,1,0,T3581,24.68,,C
30,1,3,"Fairbanks, Mrs. Hannah",female,39,1,1,T4292,31.48,,S
31,1,1,"Merrick, Mr. Isaac",male,,0,0,T5984,209.75,A6,S
32,0,3,"Jessop, Mr. Benjamin",male,42,0,1,T9404,17.91,,Q
33,0,2,"Ingram, Miss. Lillian",female,40,2,0,T2718,13.21,,S
34,1,1,"Ashford, Mrs. Nora",female,53,1,0,T5350,227.53,A6,S
35,0,2,"Merrick, Mr. Louis",male,59,0,1,T3415,62.99,,Q
36,1,3,"Lowell, Miss. Edith",female,34,1,0,T8640,56.33,,C
37,0,3,"Dunmore, Mr. Isaac",male,58,0,0,T2479,79.56,,C
38,1,3,"Ingram, Mr. Louis",male,58,0,0,T1058,43.35,,C
39,0,2,"Ellison, Mrs. Katherine",female,23,2,0,T5148,15.76,,S
40,0,3,"Norwood, Mrs. Beatrice",female,,1,0,T1845,74.56,,C
